;;;;;;;;;;;;;;;;;;; $ 2.976.195,01 ;;;
DOMINIO;MARCA;MODELO;AÑO;PROVEEDOR;F/COMPRA;F/VENTA;GESTOR;RADIACION ANTERIOR;F/TITULO;RADIACION ACTUAL;ALTA;F/ENVIO ;BAJA;F/ENVIO ;GESTOR; DEUDA ;HONORARIOS;ARANCELES;DEUDA TOTAL;FECHA PAGO ;FECHA RESOLUCION ;
AF497QZ;NISSAN;FRONTIER PLATINUM 4X4 AT 2.3 D CD;2022;KYOTO;21/10/2024;2/10/2025;SOL;CHACO - RESISTENCIA;23/10/2025;SANTA FE - ROSARIO;OK;-;OK;13-jul;HECTOR; $ 155.735,44 ; $ 30.000,00 ; $ 5.000,00 ; $ 190.735,44 ;23-jul;27-jul;
AD670NN;RENAULT;KWID ICONIC 1.0;2019;CAR FRANCE;10/7/2025;15/9/2025;SOL;CHACO - RESISTENCIA;6/10/2025;SANTA FE - FUNES;OK;;OK;13-jul;HECTOR;;;;;;;
AF620UY;RENAULT;STEPWAY PH2 INTENS 1.6;2023;CAR FRANCE;21/4/2025;16/9/2026;SOL;CHACO - BARRANQUERAS;30/9/2025;SANTA FE - ROSARIO ;OK;;PTE;;;;;; $ -   ;;;
AD999PC;RENAULT;KANGOO II EXPRESS CONFORT 5 A 1.6 SCE;2019;CAR FRANCE;17/3/2025;12/8/2025;SOL;CHACO - LAS BREÑAS;28/8/2025;SANTA FE - ROSARIO;OK;;PROCESO;13-jul;HECTOR ;;;; $ -   ;;;
LHA198;VW;GOL TREND 1.6;2012;CLIENTE;19/12/2024;16/4/2025;MARCHICA;SANTA FE - ROSARIO;30/4/2025;SANTA FE - BAIGORRIA ;OK;;OK;;;;;;;;;
AD863MG;NISSAN;FRONTIER CD XE 2.3 D 4X4 MT;2019;KYOTO;30/4/2024;23/4/2025;SOL;CORRIENTES - MERCEDES;29/5/2025;SANTA FE - FUNES;OK;;PTE;"""""""""""";;;;; $ -   ;;;
AB765TU;RENAULT;SANDERO EXPRESSION PACK;2017;CLIENTE;20/12/2024;24/5/2025;SOL;BS AS - ARRIBEÑOS ;10/6/2025;SANTA FE - ROSARIO;PTE;TIENE UNA MULTA DEL CLIENTE ANTERIOR QUE SE NEGÓ A PAGAR ;PTE;;;;;; $ -   ;;;TIENE UNA MULTA DEL CLIENTE ANTERIOR QUE SE NEGÓ A PAGAR 
AB339UO;FIAT;PALIO ATTRACTIVE 5P 1.4 8V;2017;CLIENTE;27/11/2024;6/2/2025;SOL;BS AS - ARENALES;26/2/2025;SANTA FE - ROSARIO ;OK;;OK;;;;;; $ -   ;;;
AF676NM;RENAULT;NUEVO SANDERO INTENS 1.6;2022;CLIENTE;31/10/2024;18/1/2025;SOL;BS AS - COLONIA;17/2/2025;SANTA FE - ROLDAN;OK;;OK;;;;;; $ -   ;;;
AB115WZ;FORD;FOCUS 2.0L N MT AT SE PLUS 4 PTAS;2017;CLIENTE;31/7/2025;5/12/2025;SOL;SANTA FE - ROSARIO;26/12/2025;SANTA FE - BAIGORRIA ;PTE;9/6/2026;OK;;;;;; $ -   ;;;
AG386XO;RENAULT;SANDERO STEPWAY INTENS 1.6;2024;METZ;10/7/2025;2/12/2025;SOL;CHACO - TRES ISLETAS;9/1/2026;SANTA FE - BAIGORRIA ;OK;;OK;13-jul;HECTOR;;;; $ 60.000,00 ;23-jul;;
HOI822;FIAT;PUNTO HLX 1.8;2008;CLIENTE;20/8/2025;29/12/2025;SOL;SANTA FE - ROSARIO;22/1/2026;SANTA FE - PEREZ;OK;;OK;;;;;; $ -   ;;;
AE641KE;RENAULT;CAPTUR INTENS 1.6 CVT;2021;KYOTO;14/10/2025;15/12/2025;SOL;CHACO - LAS BREÑAS;5/1/2026;SANTA FE - FUNES;OK;;OK;;;;;; $ -   ;;;
AD900QU;RENAULT;CAPTUR ZEN 2.0;2019;CLIENTE;8/5/2025;3/12/2025;SOL;SANTA FE - ROSARIO;23/12/2025;SANTA FE - ROSARIO ;OK;;OK;;;;;; $ -   ;;;
OVK261;VW;AMAROK DARK LABEL 4X2;2015;CLIENTE;2/10/2025;27/12/2025;SOL;SANTA FE - ROSARIO;9/1/2026;SANTA FE - ROSARIO;PTE;TIENE UNA MULTA DEL CLIENTE ANTERIOR QUE SE NEGÓ A PAGAR ;OK;;;;;; $ -   ;;;
AD570NZ;PEUGEOT;2008 FELINE 1.6;2019;METZ;31/7/2025;26/12/2025;SOL;CORRIENTES - CORRIENTES;15/1/2026;SANTA FE - ROSARIO;OK;;OK;;ACOR; $ 30.048,05 ; $ -   ; $ -   ; $ 30.048,05 ;;;
AC770NB;NISSAN;VERSA ADVANCE MT PURE DRIVE F2;2018;METZ;14/10/2025;22/12/2025;SOL;CORRIENTES - CORRIENTES;16/1/2026;SANTA FE - FUNES;OK;;OK;MULTA;ACOR; $ 58.062,45 ; $ -   ; $ -   ; $ 58.062,45 ;;;
AF786JD;RENAULT;SANDERO INTENS 1.6;2023;CAR FRANCE;5/9/2025;15/12/2025;SOL;CHACO - FONTANA;12/1/2026;SANTA FE - VGG;OK;;PROCESO;13-jul;HECTOR ;;;; $ -   ;;;
PEN415;FORD;FIESTA 1,6L SE PLUS POWERSHIFT;2015;CAR FRANCE;10/7/2025;9/12/2025;SOL;CHACO - RESISTENCIA;13/1/2026;SANTA FE - ROSARIO;OK;;OK;13-jul;HECTOR ;;;; $ -   ;;;
PDS466;RENAULT;DUSTER DYNAMIQUE 1.6;2015;CAR FRANCE;14/10/2025;29/11/2025;SOL;CHACO - RESISTENCIA;5/1/2026;SANTA FE - SAN LORENZO ;OK;;OK;20-may;HECTOR; $ 13.650,40 ; $ 20.000,00 ; $ 5.000,00 ; $ 38.650,40 ;PAGADO 22-5;27/5/2026;
AE348OT;PEUGEOT;208 ACTIVE 1.6L;2020;KYOTO;5/9/2025;27/11/2025;SOL;CHACO - RESISTENCIA;15/12/2026;BS AS - SAN NICOLAS;OK;;OK;20-may;HECTOR; $ 37.163,08 ; $ 20.000,00 ; $ 5.000,00 ; $ 62.163,08 ;PAGADO 22-5;27/5/2026;
AH960VI;VW;TERA HIGH;2025;ROLEN;15/11/2025;15/11/2025;SOL;0 KM;28/11/2025;SANTA FE - ROSARIO;OK;;OK;;;;;; $ -   ;;;
AH894OK;TOYOTA;YARIS XS 1.5 CVT 5P;2025;GINZA;11/2/2025;17/10/2025;SOL;0 KM;31/10/2025;SANTA FE - FUNES;OK;;OK;;;;;; $ -   ;;;
A172BWT;VESPA;GTS 300;2022;CLIENTE;1/7/2025;18/7/2025;SOL;SANTA FE - FUNES;17/6/2025;SANTA FE - FUNES;OK;;OK;;;;;;;;;
AF599RZ;NISSAN;KICKS 1.6 ADVANCE MT;2022;METZ;10/7/2025;12/9/2025;SOL;CHACO - RESISTENCIA;29/9/2025;SANTA FE - ROSARIO;OK;;OK;;;;;;;;;
AF833XS;RENAULT;SANDERO ZEN 1.6;2023;CAR FRANCE;10/7/2025;28/10/2025;SOL;CHACO - RESISTENCIA;18/11/2025;SANTA FE - VILLA CONSTITUCION ;OK;;OK;20-may;HECTOR; $ 147.378,90 ; $ 20.000,00 ; $ 5.000,00 ; $ 172.378,90 ;PAGADO 22-5;27/5/2026;
NVL843;RENAULT;SANDERO PRIVILEGE 1.6 16V NAV;2014;CLIENTE;15/7/2025;29/10/2025;SOL;SANTA FE - ROSARIO;25/11/2025;SANTA FE - ROSARIO;OK;;OK;;;;;;;;27/5/2026;
AA227QF;FORD;ECOSPORT TITANIUM 1.6L MT N;2016;CLIENTE;19/12/2024;3/11/2025;SOL;ENTRE RIOS - VICTORIA;25/11/2025;SANTA FE - SAN JERONIMO ;OK;;PTE;VICTORIA;;;;;;;;
AF291VZ;PEUGEOT;208 ALLURE TIPTRONIC 1.6L;2022;CLIENTE;11/7/2025;15/11/2025;SOL;SANTA FE - ROLDAN;1/12/2025;SANTA FE - BAIGORRIA ;OK;;OK;;;;;;;;;
AE982PP;NISSAN;FRONTIER CD LE 2.3D 4X4 AT;2021;KYOTO;5/9/2025;15/11/2025;SOL;CHACO - RESISTENCIA;19/12/2025;SANTA FE - FUNES;OK;;OK;20-may;HECTOR; $ 44.265,01 ; $ 20.000,00 ; $ 5.000,00 ; $ 69.265,01 ;PAGADO 22-5;27/5/2026;
AG131HG;PEUGEOT;208 STYLE MT 23.5 1.6L;2023;METZ;5/9/2025;10/11/2025;SOL;CHACO - RESISTENCIA;1/12/2025;SANTA FE - ROSARIO;OK;;OK;20-may;HECTOR; $ 52.008,79 ; $ 20.000,00 ; $ 5.000,00 ; $ 77.008,79 ;PAGADO 22-5;27/5/2026;
KKW288;FIAT;PALIO ATTRACTIVE 1.4 8V;2011;CLIENTE;18/8/2025;26/11/2025;SOL;SANTA FE - GRAL LAGOS;10/12/2025;SANTA FE - IBARLUCEA;OK;;OK;;;;;;;;;
AC094UT;CITROEN;C3 VTI 115 FEEL;2018;CLIENTE;9/10/2025;28/11/2025;SOL;BS AS - ROJAS;18/12/2025;SANTA FE - ROSARIO ;OK;;OK;;;;;;;;;
AE837WM;NISSAN;FRONTIER CD SE 2.3 D 4X4 MT;2021;KYOTO;10/7/2025;2/12/2025;SOL;CHACO - RESISTENCIA;16/12/2025;SANTA FE - ROSARIO ;OK;;OK;2-jun;HECTOR; $ -   ; $ 20.000,00 ; $ 5.000,00 ; $ 25.000,00 ;PAGADO 2-6;8/6/2026;
NUQ011;FIAT;PUNTO ESSENCE 1.6 16V;2014;CLIENTE;11/6/2025;28/11/2025;SOL;SANAT FE - ROSARIO;15/12/2025;SANTA FE - FUNES;OK;;OK;;;;;;;;;
AE490AA;RENAULT;STEPWAY INTENS 1.6;2020;CAR FRANCE;5/9/2025;22/11/2025;SOL;CHACO - FONTANA;19/12/2025;SANTA FE - ROSARIO ;OK;;PTE;;;;;;;;;
AF583KJ;NISSAN;VERSA 1.6 ADVANCE MT;2022;KYOTO;31/7/2025;17/10/2025;SOL;CHACO - RESISTENCIA;12/11/2025;SANAT FE - CARCARAÑA;OK;;OK;2-jun;HECTOR; $ 62.835,63 ; $ 20.000,00 ; $ 5.000,00 ; $ 87.835,63 ;PAGADO 2-6;8/6/2026;
PMA292;RENAULT;LOGAN PRIVILEGE 1.6;2016;CLIENTE;14/11/2025;27/1/2026;SOL;SANTA FE - ROSARI0;10/2/2026;SANTA FE - ZAVALLA;OK;;OK;;;;;; $ -   ;;;
AF970PN;RENAULT;LOGAN INTENS 1.6;2023;CAR FRANCE;31/7/2025;16/1/2026;SOL;CORRIENTES - CORRIENTES;9/2/2026;SANTA FE - ROSARIO;OK;;OK;;; $ 355.922,57 ; $ -   ; $ -   ; $ 355.922,57 ;;;
AA614DN;RENAULT;SANDERO PRIVILEGE;2016;CAR FRANCE;20/11/2025;26/1/2026;SOL;CHACO - RESISTENCIA;12/2/2026;SANTA FE - ROSARIO;OK;;OK;;20-may; $ 6.694,87 ; $ 20.000,00 ; $ 5.000,00 ; $ 31.694,87 ;PAGADO 22-5;27/5/2026;
AE354CS;RENAULT;SANDERO STEPWAY INTENS 1.6;2020;KYOTO;14/10/2025;15/1/2026;SOL;CHACO - RESISTENCIA;4/2/2026;SANTA FE - ROSARIO;OK;9/6/2026;PTE;;;;;; $ -   ;;27/5/2026;
AF860CD;RENAULT;KANGOO II EXPRESS CONFORT 1.6 SCE;2023;KYOTO;5/9/2025;13/1/2026;SOL;CHACO - VILLA ANGELA;19/2/2026;SANTA FE - PEREZ;OK;;OK;;;;;; $ -   ;;;
AD553TE;VW;UP TAKE 1.0;2019;CLIENTE;17/10/2025;8/1/2026;SOL;SANTA FE - FUNES;28/1/2026;SANTA FE - ROSARIO;OK;;OK;;;;;; $ -   ;;;
AA557IT;RENAULT;CLIO MIO 5P CONFORT;2016;CAR FRANCE;14/10/2025;7/1/2026;SOL;CORRIENTES - CORRIENTES;4/2/2026;SANTA FE - FUNES;OK;;OK;;; $ 29.269,19 ;;; $ 29.269,19 ;;;
AC146AW;RENAULT;DUSTER PH2 PRIVILEGE 1.6;2018;CAR FRANCE;31/7/2025;9/1/2026;SOL;CORRIENTES - BELLA VISTA;27/1/2026;SANTA FE - ROLDAN ;OK;;PTE;;'''''';;;; $ -   ;;;
AG115MD;PEUGEOT;208 STYLE AT23.5;2023;KYOTO;20/11/2025;2/1/2026;SOL;CORRIENTES - CORRIENTES;21/1/2026;SANTA FE - SAN LORENZO ;OK;;OK;;; $ 168.747,59 ; $ -   ; $ -   ; $ 168.747,59 ;;;
AF443GP;RENAULT;SANDERO STEPWAY  INTENS 1.6;2022;CAR FRANCE;10/7/2025;5/1/2026;SOL;CHACO - RESISTENCIA;2/2/2026;SANTA FE - IBARLUCEA;OK;;PTE;;;;;; $ -   ;;;
AF971OS;RENAULT;KANGOO II EXPRESS EMOTION 5A 1.6 SCE;2023;CLIENTE;16/9/2025;5/1/2026;SOL;SANTA FE - ROSARIO;19/1/2026;SANTA FE - CHABAS;OK;;OK;;;;;; $ -   ;;;
AE484TN;RENAULT;DUSTER PH2 DYNAMIQUE 1.6;2020;CAR FRANCE;21/4/2025;6/1/2026;SOL;CHACO - NUEVA POMPEYA;19/1/2026;SANTA FE - ROSARIO;OK;;OK;;;;;; $ -   ;;;
AA882LX;NISSAN;MARCH ADVANCE MEDIA-TECH AT PURE;2017;METZ;10/7/2025;24/1/2026;SOL;CHACO - SAN MARTIN;20/2/2026;SANTA FE - SANTA FE ;OK;;OK;13-jul;HECTOR;;;; $ 65.000,00 ;23-jul;;
AE297RX;PEUGEOT;208 ACTIVE 1.6;2020;METZ;29/11/2024;10/2/2026;SOL;CORRIENTES - CORRIENTES;25/2/2026;SANTA FE - ROLDAN ;OK;;OK;;; $ 601.214,61 ; $ -   ; $ -   ; $ 601.214,61 ;;;
AF609MP;RENAULT;SANDERO PH2 ZEN 1.6;2022;KYOTO;31/7/2025;10/2/2026;SOL;CHACO - FONTANA;2/3/2026;SANTA FE - ROSARIO;OK;;PTE;;;;;; $ -   ;;;
AF664EW;RENAULT;SANDERO INTENS 1.6;2022;CAR FRANCE;5/9/2025;3/2/2026;SOL;CORRIENTES - CORRIENTES;4/3/2026;SANTA FE -BAIGORRIA;OK;;OK;;; $ 32.424,16 ;;; $ 32.424,16 ;;;
AF707KM;RENAULT;KANGOO II EXPRESS CONFORT 1.6 SCE;2022;CAR FRANCE;31/7/2025;3/2/2026;SOL;CORRIENTES - CORRIENTES;12/3/2026;SANTA FE - ROSARIO;OK;;OK;;; $ 480.154,00 ;;; $ 480.154,00 ;;;
AB161NV;FIAT;PALIO ESSENCE 5P 1.6 16V AT;2017;CLIENTE;30/5/2025;5/2/2026;SOL;SANTA FE - FUNES;16/3/2026;SANTA FE - CAÑADA RICA ;OK;;OK;;;;;; $ -   ;;;
AE595PA;;;;;;6/2/2026;SOL;CHACO-PRESIDENCIA ROQUE;1/4/2026;SANTA FE-ROSARIO;OK;;OK;;;;;;;;;
AI120NL;PEUGEOT ;208 GT;2026;AVEC;13/2/2026;13/2/2026;SOL;O KM;27/2/2026;BS AS - BILLINGHURST;OK;;OK;;;;;; $ -   ;;;
AB910AX;VW;GOL TREND 1.6 MSI;2017;CLIENTE;6/1/2026;18/2/2026;SOL;SANTA FE - ROSARIO;9/3/2026;SANTA FE - FUNES;OK;;OK;;;;;; $ -   ;;;
AI120OT;PEUGEOT ;208 GT;2026;AVEC;23/2/2026;23/2/2026;SOL;0 KM;17/3/2026;SANTA FE - ROSARIO ;OK;;OK;;;;;; $ -   ;;;
AB946CJ;FIAT;MOBI 1.0 8V EASY;2017;CAR FRANCE;14/10/2025;23/2/2026;SOL;CHACO - RESISTENCIA;20/3/2026;SANTA FE - FUNES;OK;;PTE;;;;;; $ -   ;;;
AB993XV;CITROEN;C3 AIRCROSS VTI 115 FEEL AM18;2017;CLIENTE;6/1/2025;23/2/2026;SOL;SANTA FE - ROSARIO;13/3/2026;SANTA FE - LAS ROSAS;OK;;OK;;;;;; $ -   ;;;
AC562UK;FORD;ECOSPORT FREESTYLE 1.5L MT N;2018;CAR FRANCE;14/10/2025;5/3/2026;SOL;CHACO - RESISTENCIA;27/3/2026;SANTA FE - CASILDA ;OK;;OK;2-jun;HECTOR; $ -   ; $ -   ; $ -   ; $ -   ;-;2/6/2026;
ODU381;CHEVROLET;CLASSIC 4 PTAS LS ABS+AIRBAG 1.4N;2014;CLIENTE;23/2/2026;9/3/2026;SOL;SANTA FE - FUNES;25/3/2026;SANTA FE - FUNES;OK;;OK;;;;;; $ -   ;;;
AB231RX;VW;GOL TREND 1.6;2017;CLIENTE;3/2/2026;13/3/2026;SOL;SANTA FE - BAIGORRIA;13/4/2026;SANTA FE - CARCARAÑA ;OK;;OK;;;;;; $ -   ;;;
AD570OQ;RENAULT;CAPTUR INTENS 1.6 CVT;2019;CLIENTE;15/11/2025;17/3/2026;;TITULO PTE;;;;;;;;;;; $ -   ;;;
HOD513;VW;SURAN 1.6N COMFORTLINE;2008;CLIENTE;26/8/2025;18/3/2026;;SOL;6/4/2026;SANTA FE - ROSARIO ;OK;;OK;;;;;; $ -   ;;;
AF735MX;VW;TAOS HIGHLINE HERO 250 TSI AT;2022;CAR FRANCE;15/1/2026;18/3/2026;;SOL;10/4/2026;SANTA FE - ROSARIO;OK;;OK;;;;;; $ -   ;;;
LPW281;CHEVROLET;SONIC 1.6 LTZ MT 5P;2012;CLIENTE;15/1/2026;18/3/2026;;SOL;9/4/2026;SANTA FE - ROLDAN;OK;;OK;;;;;; $ -   ;;;
AF287ZK;PEUGEOT;208 ACTIVE TIPTRONIC 1.6L;2022;METZ;20/11/2025;18/3/2026;;TITULO PTE;;;;;;;;;;; $ -   ;;;
AB571ZD;PEUGEOT;2008 ALLURE 1.6;2017;METZ;14/10/2025;19/3/2026;SOL;CORRIENTES -  BELLA VISTA;13/4/2026;SANTA FE - CAPITAN BERMUDEZ;PTE;9/6/2026;PTE;;"""""""""""""";;;; $ -   ;;;
AA101IO;RENAULT;CLIO MIO CONFORT PACK SAT 5 PTAS;2016;CLIENTE;3/12/2025;19/3/2026;;TITULO PTE;;;;;;;;;;; $ -   ;;;
NGL653;PEUGEOT;PARTNER PATAGONICA 1.6 HDI;2013;CLIENTE;16/5/2025;19/3/2026;SOL;SANTA FE - ROSARIO ;1/4/2026;ENTRE RIOS - GUALEGUAY ;PTE;;PTE;;y;;;; $ -   ;;;
JRA795;RENAULT;STEPWAY CONFORT 1.6 16V;2011;CLIENTE;5/3/2026;19/3/2026;SOL;SANTA FE - CASILDA;13/4/2026;SANTA FE - PTO SAN MARTIN;OK;;OK;;Y;;;; $ -   ;;;
AF954VS;PEUGEOT;208 FELINE 1.6L TIPTRONIC AM23.5;2023;METZ;15/1/2026;20/3/2026;CACHO;CORRIENTES - GOYA;22/4/2026;CORDOBA - ISLA VERDE;;;PTE;;;;;; $ -   ;;;
AD914AS;RENAULT;KWID ZEN 1.0;2019;CAR FRANCE;20/11/2025;21/3/2026;SOL;CHACO - RESISTENCIA;13/4/2026;SANTA FE - FUNES;OK;;OK;2-jun;HECTOR; $ 13.644,40 ; $ 20.000,00 ; $ 5.000,00 ; $ 38.644,40 ;PAGADO 2-6;8/6/2026;
AE990HB;NISSAN;VERSA 1.6 SENSE CVT;2021;KYOTO;20/11/2025;21/3/2026;CACHO;CHACO - RESISTENCIA;15/4/2026;CABA - CABA;OK;;OK;;;;;; $ -   ;;;
OIN832;PEUGEOT;207 COMPACT ACTIVE 1.4 N;2014;CLIENTE;15/12/2025;25/3/2026;SOL;SANTA FE - FUNES;20/4/2026;SANTA FE - ROSARIO;PTE;9/6/2026;OK;Y;;;;; $ -   ;;;
AC788SE;RENAULT;DUSTER PH2 PRIVILEGE 1.6;2018;CAR FRANCE;21/4/2025;28/3/2026;SOL;CHACO - RESISTENCIA;15/4/2026;SANTA FE - ALVAREZ;PTE;9/6/2026;PTE;Y;;;;; $ -   ;;;
MLU126;CITROEN;C3 1.5L TENDANCE PACK;2013;CLIENTE;23/2/2026;28/3/2026;SOL;SANTA FE - LAS ROSAS;13/4/2026;SANTA FE - PERERZ;OK;;OK;Y;;;;; $ -   ;;;
AD771EG;RENAULT;LOGAN AUTHENTIQUE 1.6;2019;CLIENTE;17/10/2025;30/3/2026;SOL;SANTA FE - ROSARIO;27/4/2026;SANTA FE - CARCARAÑA ;OK;;OK;;;;;; $ -   ;;;
AF543FA;TOYOTA;COROLLA XLI MT;2022;KYOTO;14/10/2025;30/3/2026;SOL;CHACO - PRESIDENCIA ROCA;24/4/2026;SANTA FE - ROSARIO;OK;;OK;;;;;; $ -   ;;;
AF068DJ;FORD;ECOSPORT TITANIUM 1.5L AT;2021;CAR FRANCE;20/11/2025;31/3/2026;CACHO;CORRIENTES - CORRIENTES;22/4/2026;SANTA FE - ROSARIO;PROCESO;5/5/2026;OK;;ACOR;$ 153.024,41;;; $ 153.024,41 ;;;
AE600JA;RENAULT;KWID ZEN 1.0;2021;CAR FRANCE;5/9/2025;1/4/2026;SOL;TITULO PTE;;;;;;;;;;; $ -   ;;;
XBV027;CITROEN;3CV;1977;CLIENTE;24/8/2024;4/4/2026;SOL;SANTA FE - ROSARIO;16/4/2026;SANTA FE - VGG ;OK;;OK;Y;;;;; $ -   ;;;
A128BHU;HONDA;WAVE 110 S;2020;CLIENTE;29/10/2025;9/4/2026;SOL;SANTA FE - VGG;27/4/2026;SANTA FE - ROSARIO;PTE;9/6/2026;OK;Y;;;;; $ -   ;;;
AF272LU;CITROEN;CACTUS VTI 115 EAT6 FEEL PACK PLUS AM21.5;2022;KYOTO;15/1/2026;9/4/2026;SOL;CHACO - COLONIA BENITEZ;28/4/2026;SANTA FE - CARCARAÑA ;OK;;OK;Y;;;;; $ -   ;;;
AF878VH;PEUGEOT;208 FELINE 1.6L TIPTRONIC AM23.5;2023;CLIENTE;23/2/2026;10/4/2026;SOL;SANTA FE - ROSARIO;29/4/2026;SANTA FE - ROSARIO;PTE;9/6/2026;OK;OK;;;;; $ -   ;;;
AB355BI;CITROEN;C3 VTI 115 FEEL;2017;CLIENTE;23/8/2025;13/4/2026;SOL;SANTA FE - ROLDAN;30/4/2026;SANTA FE - BAIGORRIA ;OK;;OK;;;;;; $ -   ;;;
AC168RA;RENAULT;CAPTUR ZEN 2.0;2017;CAR FRANCE;31/7/2025;13/4/2026;SOL;CORRIENTES- RIACHUELO;13/5/2026;SANTA FE - ROSARIO;OK;;OK;;;;;; $ -   ;;;
AB595HZ;PEUGEOT;208 ALLURE 1.6;2017;METZ;20/11/2025;13/4/2026;SOL;CORRIENTES - CORRIENTES;28/4/2026;SANTA FE - SANTA FE ;OK;;PTE;"""""""""""""";ACOR;;;; $ -   ;;;
AF630TB;NISSAN;VERSA 1.6 SENSE MT;2022;CAR FRANCE;5/9/2025;15/4/2026;CACHO;CHACO - RESISTENCIA;13/5/2026;CORDOBA - CRUZ ALTA;PTE;;PROCESO;13-jul;HECTOR; $ 59.196,54 ; $ 30.000,00 ; $ 4.800,00 ; $ 93.996,54 ;PAGADO 31-7;;
NKL786;PEUGEOT;3008 FELINE 1.6;2013;CLIENTE;25/4/2025;21/4/2026;SOL;SANTA FE - ROSARIO;13/5/2026;SANTA FE - ROSARIO;PTE;;OK;;;;;; $ -   ;;;
AA622SK;CHEVROLET;SONIC 1.6 LT MT 5P;2016;CLIENTE;24/10/2025;28/4/2026;SOL;SANTA FE - SANTA TERESA;22/5/2026;SANTA FE - FUNES;PTE;;OK;;;;;; $ -   ;;;
AE075HU;CITROEN;C4 CACTUS VTI FEEL PACK AM20;2020;METZ;20/11/2025;30/4/2026;SOL;TITULO PTE;;;PTE;;PTE;;;;;; $ -   ;;;
MVX205;CHEVROLET;CLASSIC 4 PTAS LS AA+DIR 1.4N;2013;CLIENTE;5/12/2025;30/4/2026;SOL;SANTA FE - BELTRAN;22/5/2026; SANTA FE - PEREZ ;PTE;;OK;;;;;; $ -   ;;;
G542319;PEUGEOT;2008 ALLURE T200 AM26;2026;AVEC;7/5/2025;7/5/2026;SOL;TITULO PTE;;;PTE;;PTE;;;;;; $ -   ;;;
MVX033;RENAULT;CLIO MIO EXPRESSION PACK II;2013;CLIENTE;15/12/2025;12/5/2026;SOL;SANTA FE -ROSARIO;21/5/2026; SANTA FE - BAIGORRIA  ;PTE;;OK;;;;;; $ -   ;;;
AA019PL;RENAULT;SANDERO STEPWAY PRIVILEGE 1.6;2016;CLIENTE;15/9/2025;13/5/2026;SOL;SANTA FE - BIGAND;4/6/2026;SANTA FE - VILLA CONSTITUCION ;OK;;OK;;;;;; $ -   ;;;
AB588WE;RENAULT;STEPWAY PRIVILEGE 1.6;2017;CAR FRANCE;15/1/2026;14/5/2026;SOL;CHACO - RESISTENCIA;4/6/2026;SANTA FE - ROSARIO;PTE;;PTE;;;;;; $ -   ;;;
MKS300.;CHEVROLET;CELTA LT SPIRIT;2013;CLIENTE;1/4/2026;14/5/2026;SOL;SANTA FE - FUNES;1/6/2026;SANTA FE - ROSARIO;OK;;OK;;;;;; $ -   ;;;
AF336KT;NISSAN;FRONTIER CD X-GEAR 2.3 D 4X4 AT;2022;KYOTO;15/1/2026;18/5/2026;CLIENTE;CORRIENTES - SAN CARLOS;12/6/2026;SANTA FE - CASILDA ;PTE;;PROCESO;13-jul;HECTOR;;;; $ -   ;;;
AC600YI;RENAULT;DUSTER PH2 PRIVILEGE 2.0;2018;CAR FRANCE;15/1/2026;20/5/2026;CACHO ;CORRIENTES - CORRIENTES;24/6/2026;MENDOZA - USPALLATA;OK;A CARGO DEL CLIENTE;PROCESO ;6-jul;ACOR ;;;; $ -   ;;;
AF249SL;NISSAN;FRONTIER CD X GEAR 2.3 D 4X2;2022;KYOTO;21/4/2025;28/5/2026;SOL;CHACO - MACHAGI;8/6/2026;SANTA FE - FRAY LUIS BELTRAN;OK;;PTE;;;;;; $ -   ;;;
MFA302;RENAULT;MEGANE III 2.0 16V LUXE;2013;CLIENTE;30/3/2026;28/5/2026;SOL;SANTA FE -ROSARIO;11/6/2026;SANTA FE -ROSARIO;PTE;6/7/2026;OK;;;;;; $ -   ;;;
AA161ZB;VW;GOL TREND 1.6 SPORTLINE;2016;CLIENTE;8/5/2025;2/6/2026;SOL;TITULO PTE;;;PTE;;PTE;;;;;; $ -   ;;;
AF946FN;RENAULT;STEPWAY PH2 INTENS 1.6;2023;CAR FRANCE;27/4/2026;6/6/2026;SOL;CHACO - RESISTENCIA;2/7/2026;SANTA FE - ROSARIO;PTE;;OK;13-jul;HECTOR ; $ 19.954,92 ; $ 30.000,00 ; $ 5.000,00 ; $ 54.954,92 ;23-jul;27-jul;
MYN462;CITROEN;C3 1.5L TENDANCE PACK;2013;CLIENTE;20/3/2026;8/6/2026;SOL;CORDOBA - ISLA VERDE;1/7/2026;SANTA FE - CAP BERMUDEZ;OK;;PTE;;;;;; $ -   ;;;
AD870HA;RENAULT;CAPTUR INTENS 2.0;2019;KYOTO;27/4/2026;9/6/2026;CACHO ;TITULO PTE;;;PTE;;PTE;;;;;; $ -   ;;;
LJR875;RENAULT;SANDERO PACK 1.6 8V;2012;CLIENTE;22/1/2025;12/6/2026;SOL;SANTA FE - VGG ;6/7/2026;SANTA FE - ROSARIO;OK;;PTE;;;;;; $ -   ;;;
MOD506;VW;VOYAGE COMFORTLINE;2013;CLIENTE;9/1/2026;18/6/2026;SOL;TITULO PTE;;;PTE;;PTE;;;;;; $ -   ;;;
AF718GP.;NISSAN;KICKS 1.6 X-PLAY CVT;2023;CLIENTE;7/5/2026;19/6/2026;CLIENTE;TITULO PTE;;;PTE;;PTE;;;;;; $ -   ;;;
AB711ML.;PEUGEOT;208 1.6 ALLURE NAV TIPTRONIC;2017;CLIENTE;10/4/2026;22/6/2026;SOL;TITULO PTE;;;PTE;;PTE;;;;;; $ -   ;;;
AD212KD;FORD;KA FREESTYLE 1.5L MT;2018;CLIENTE;2/1/2026;22/6/2026;SOL;SANTA FE - SAN LORENZO;6/7/2026;SANTA FE - FUNES ;OK;;PTE;;;;;; $ -   ;;;
AD836OR;RENAULT;STEPWAY EXPRESSION 1.6 16V;2019;CLIENTE;5/1/2026;22/6/2026;SOL;TITULO PTE;;;PTE;;PTE;;;;;; $ -   ;;;
AE914OF;JEEP;RENEGADE 1.8L SPORT MT;2021;CLIENTE;5/2/2026;24/6/2026;SOL;TITULO PTE;;;PTE;;PTE;;;;;; $ -   ;;;
AG236RD;PEUGEOT;208 ALLURE PACK  1.6 AM23.5;2023;METZ;27/4/2026;26/6/2026;SOL;TITULO PTE;;;PTE;;PTE;;;;;; $ -   ;;;
AG131HY;RENAULT;KANGOO II EXPRESS 5 A 1.5 DCI;2023;CAR FRANCE;27/4/2026;27/6/2026;SOL;CHACO - RESISTENCIA;23/7/2026;SANTA FE - ROSARIO;PTE;;PTE;;;;;; $ -   ;;;
AD521AL;FORD;ECOSPORT TITANIUM 1.5L MT N;2019;KYOTO;15/1/2026;6/7/2026;SOL;TITULO PTE;;;PTE;;PTE;;;;;; $ -   ;;;
AC765KU.;PEUGEOT;208 ALLURE 1.6;2018;CLIENTE;29/5/2026;6/7/2026;SOL;TITULO PTE;;;PTE;;PTE;;;;;; $ -   ;;;
HQU572;PEUGEOT;206 XT 1.6 5P;2008;CLIENTE;2/6/2026;9/7/2026;CLIENTE;TITULO PTE;;;PTE;;PTE;;;;;; $ -   ;;;
LNZ817;CHEVROLET;SPARK 1.2 LT;2012;CLIENTE;9/6/2026;10/7/2026;SOL;TITULO PTE;;;PTE;;PTE;;;;;; $ -   ;;;
AE477GJ;RENAULT;KWID INTENS 1.0;2020;CAR FRANCE;13/5/2026;13/7/2026;CLIENTE;CHACO - PUERTO TIROL ;23/7/2026;SANTA FE - FUNES;OK;;PTE;;;;;; $ -   ;;;
AF806GU;TOYOTA;YARIS XS 1.5 6M/T 5 PUERTAS;2023;CLIENTE;19/6/2026;13/7/2026;SOL;TITULO PTE;;;PTE;;PTE;;;;;; $ -   ;;;
MQJ636;FORD;ECOSPORT SE 1.6L MT N;2013;CLIENTE;13/1/2026;16/7/2026;SOL;TITULO PTE;;;PTE;;PTE;;;;;; $ -   ;;;
OXL597;RENAULT;STEPWAY DYNAMIQUE 1.6 16V;2015;CLIENTE;2/2/2025;17/6/2026;SOL;TITULO PTE;;;PTE;;PTE;;;;;; $ -   ;;;
MQM470;FORD;FOCUS EXE STYLE 1.6L;2013;CLIENTE;19/3/2026;21/7/2026;SOL;TITULO PTE;;;PTE;;PTE;;;;;; $ -   ;;;
LNI801;RENAULT;DUSTER PRIVILEGE 2.0 4X2;2012;CLIENTE;13/4/2026;24/7/2026;SOL;TITULO PTE;;;PTE;;PTE;;;;;; $ -   ;;;
